id,lastmod
Q57402,2022-12-02T14:16:14Z
Q58262,2022-08-10T09:14:08Z
Q311355,2022-10-03T02:10:05Z
Q356647,2022-10-03T13:27:00Z
Q3034382,2022-10-19T07:03:34Z
Q4723794,2022-10-03T02:10:12Z
Q6123851,2022-10-03T02:10:13Z
Q6293873,2022-10-03T02:10:11Z
Q9052236,2022-10-03T02:10:13Z
Q18615762,2022-08-22T10:21:09Z
Q28173996,2022-10-15T12:26:50Z
Q28381212,2022-10-19T07:02:21Z
Q29913348,2022-10-19T12:02:21Z
Q62594843,2022-08-22T10:21:57Z
Q96007379,2022-10-03T02:10:06Z
Q107171845,2022-10-19T06:27:32Z
Q107316535,2022-08-22T10:21:58Z
Q107673986,2022-01-24T16:02:42Z
Q108101345,2022-10-19T06:10:03Z
Q108454830,2022-11-06T02:33:35Z
Q108454832,2021-09-08T05:03:25Z
Q111737782,2022-11-30T08:43:22Z
Q113189838,2022-11-07T04:14:49Z
Q113577115,2022-10-12T07:31:19Z
Q113577116,2022-10-11T06:43:24Z
Q113577117,2022-10-09T07:02:25Z
Q114754966,2022-10-19T08:04:20Z
Q114754967,2022-10-19T06:50:58Z
Q114754968,2022-10-19T06:54:54Z
Q114754969,2022-10-19T07:03:14Z
Q114754970,2022-10-19T06:56:46Z
Q114754971,2022-10-19T07:19:57Z
Q114754973,2022-10-19T07:15:27Z
Q114754974,2022-10-19T08:04:24Z
Q114754975,2022-10-19T07:40:31Z
Q114754976,2022-10-20T04:41:05Z
Q114754977,2022-10-19T07:12:05Z
Q114754978,2022-10-19T07:00:32Z
Q114754979,2022-10-19T07:47:31Z
Q114754980,2022-10-19T08:04:28Z
Q114754981,2022-10-19T07:09:17Z
Q114754982,2022-10-19T06:46:52Z
Q114754983,2022-10-19T07:53:27Z
Q114755301,2022-10-19T12:02:22Z
Q114755416,2022-10-19T12:02:22Z
Q114755562,2022-11-30T08:42:38Z
Q114755574,2022-11-30T08:42:28Z
Q114755584,2022-11-30T08:42:17Z
Q114755614,2022-10-19T12:02:23Z
Q114755642,2022-10-19T08:19:47Z
Q114755795,2022-10-19T12:02:23Z
Q114755818,2022-10-19T12:02:24Z
Q114755852,2022-10-19T07:49:07Z
Q114755892,2022-10-19T12:02:24Z
Q114756083,2022-10-19T12:02:24Z
